x,y,fitness,x position,y velocity
61,44,-202.02451679855434,0.33,-1.68
70,83,-460.80482383573303,0.6,-0.51
50,99,-206.40082360283634,0.0,-0.03
58,38,-150.38424474197183,0.24,-1.86
60,33,-363.3410601003972,0.3,-2.01
46,46,-64.7620590251084,-0.12,-1.62
57,40,-119.81100562775342,0.21,-1.8
